[{"created_at":"Sun Sep 13 01:09:01 +0000 2020","id":1304950174507298816,"id_str":"1304950174507298816","text":"happy birthday to Paul Walker \ud83e\udd7a\ud83d\udd4a https:\/\/t.co\/VVQX3XUmB7","truncated":false,"entities":{"hashtags":[],"symbols":[],"user_mentions":[],"urls":[],"media":[{"id":1304950169235009537,"id_str":"1304950169235009537","indices":[33,56],"media_url":"http:\/\/pbs.twimg.com\/media\/EhwdQ9bWsAE_k_b.jpg","media_url_https":"https:\/\/pbs.twimg.com\/media\/EhwdQ9bWsAE_k_b.jpg","url":"https:\/\/t.co\/VVQX3XUmB7","display_url":"pic.twitter.com\/VVQX3XUmB7","expanded_url":"https:\/\/twitter.com\/ARMY\/status\/1304950174507298816\/photo\/1","type":"photo","sizes":{"thumb":{"w":150,"h":150,"resize":"crop"},"medium":{"w":1200,"h":667,"resize":"fit"},"small":{"w":680,"h":378,"resize":"fit"},"large":{"w":1200,"h":667,"resize":"fit"}}}]},"extended_entities":{"media":[{"id":1304950169235009537,"id_str":"1304950169235009537","indices":[33,56],"media_url":"http:\/\/pbs.twimg.com\/media\/EhwdQ9bWsAE_k_b.jpg","media_url_https":"https:\/\/pbs.twimg.com\/media\/EhwdQ9bWsAE_k_b.jpg","url":"https:\/\/t.co\/VVQX3XUmB7","display_url":"pic.twitter.com\/VVQX3XUmB7","expanded_url":"https:\/\/twitter.com\/ARMY\/status\/1304950174507298816\/photo\/1","type":"photo","sizes":{"thumb":{"w":150,"h":150,"resize":"crop"},"medium":{"w":1200,"h":667,"resize":"fit"},"small":{"w":680,"h":378,"resize":"fit"},"large":{"w":1200,"h":667,"resize":"fit"}}}]},"source":"\u003ca href=\"http:\/\/twitter.com\/download\/iphone\" rel=\"nofollow\"\u003eTwitter for iPhone\u003c\/a\u003e","in_reply_to_status_id":null,"in_reply_to_status_id_str":null,"in_reply_to_user_id":null,"in_reply_to_user_id_str":null,"in_reply_to_screen_name":null,"user":{"id":612508234,"id_str":"612508234","name":"\u0618","screen_name":"ARMY","location":"","description":"\u2661 \u22c6\u207a\u208a\u22c6 \u263e\u22c6\u207a\u208a\u22c6 \u2661\u0337\u0337\u0337 \u22c6\u207a\u208a\u22c6 \u263e\u22c6\u207a\u208a","url":null,"entities":{"description":{"urls":[]}},"protected":false,"followers_count":4308,"friends_count":3,"listed_count":9,"created_at":"Tue Jun 19 12:10:28 +0000 2012","favourites_count":2285,"utc_offset":null,"time_zone":null,"geo_enabled":false,"verified":false,"statuses_count":1482,"lang":null,"contributors_enabled":false,"is_translator":false,"is_translation_enabled":false,"profile_background_color":"7111DE","profile_background_image_url":"http:\/\/abs.twimg.com\/images\/themes\/theme1\/bg.png","profile_background_image_url_https":"https:\/\/abs.twimg.com\/images\/themes\/theme1\/bg.png","profile_background_tile":true,"profile_image_url":"http:\/\/pbs.twimg.com\/profile_images\/1288238202449469441\/bHeHhjrP_normal.jpg","profile_image_url_https":"https:\/\/pbs.twimg.com\/profile_images\/1288238202449469441\/bHeHhjrP_normal.jpg","profile_banner_url":"https:\/\/pbs.twimg.com\/profile_banners\/612508234\/1595974897","profile_link_color":"730EE6","profile_sidebar_border_color":"000000","profile_sidebar_fill_color":"DDEEF6","profile_text_color":"333333","profile_use_background_image":true,"has_extended_profile":false,"default_profile":false,"default_profile_image":false,"following":false,"follow_request_sent":false,"notifications":false,"translator_type":"none"},"geo":null,"coordinates":null,"place":null,"contributors":null,"is_quote_status":false,"retweet_count":1,"favorite_count":2,"favorited":false,"retweeted":false,"possibly_sensitive":false,"lang":"en"},{"created_at":"Sat Aug 29 04:33:05 +0000 2020","id":1299565713334702080,"id_str":"1299565713334702080","text":"RT @chadwickboseman: https:\/\/t.co\/aZ2JzDf5ai","truncated":false,"entities":{"hashtags":[],"symbols":[],"user_mentions":[{"screen_name":"chadwickboseman","name":"Chadwick Boseman","id":718495181914316801,"id_str":"718495181914316801","indices":[3,19]}],"urls":[],"media":[{"id":1299530160526499840,"id_str":"1299530160526499840","indices":[21,44],"media_url":"http:\/\/pbs.twimg.com\/media\/Egjby7kWoAA1PRI.jpg","media_url_https":"https:\/\/pbs.twimg.com\/media\/Egjby7kWoAA1PRI.jpg","url":"https:\/\/t.co\/aZ2JzDf5ai","display_url":"pic.twitter.com\/aZ2JzDf5ai","expanded_url":"https:\/\/twitter.com\/chadwickboseman\/status\/1299530165463199747\/photo\/1","type":"photo","sizes":{"small":{"w":490,"h":680,"resize":"fit"},"large":{"w":540,"h":750,"resize":"fit"},"thumb":{"w":150,"h":150,"resize":"crop"},"medium":{"w":540,"h":750,"resize":"fit"}},"source_status_id":1299530165463199747,"source_status_id_str":"1299530165463199747","source_user_id":718495181914316801,"source_user_id_str":"718495181914316801"}]},"extended_entities":{"media":[{"id":1299530160526499840,"id_str":"1299530160526499840","indices":[21,44],"media_url":"http:\/\/pbs.twimg.com\/media\/Egjby7kWoAA1PRI.jpg","media_url_https":"https:\/\/pbs.twimg.com\/media\/Egjby7kWoAA1PRI.jpg","url":"https:\/\/t.co\/aZ2JzDf5ai","display_url":"pic.twitter.com\/aZ2JzDf5ai","expanded_url":"https:\/\/twitter.com\/chadwickboseman\/status\/1299530165463199747\/photo\/1","type":"photo","sizes":{"small":{"w":490,"h":680,"resize":"fit"},"large":{"w":540,"h":750,"resize":"fit"},"thumb":{"w":150,"h":150,"resize":"crop"},"medium":{"w":540,"h":750,"resize":"fit"}},"source_status_id":1299530165463199747,"source_status_id_str":"1299530165463199747","source_user_id":718495181914316801,"source_user_id_str":"718495181914316801"},{"id":1299530160534958080,"id_str":"1299530160534958080","indices":[21,44],"media_url":"http:\/\/pbs.twimg.com\/media\/Egjby7mXsAAXX-f.jpg","media_url_https":"https:\/\/pbs.twimg.com\/media\/Egjby7mXsAAXX-f.jpg","url":"https:\/\/t.co\/aZ2JzDf5ai","display_url":"pic.twitter.com\/aZ2JzDf5ai","expanded_url":"https:\/\/twitter.com\/chadwickboseman\/status\/1299530165463199747\/photo\/1","type":"photo","sizes":{"thumb":{"w":150,"h":150,"resize":"crop"},"medium":{"w":900,"h":1200,"resize":"fit"},"large":{"w":1536,"h":2048,"resize":"fit"},"small":{"w":510,"h":680,"resize":"fit"}},"source_status_id":1299530165463199747,"source_status_id_str":"1299530165463199747","source_user_id":718495181914316801,"source_user_id_str":"718495181914316801"}]},"source":"\u003ca href=\"http:\/\/twitter.com\/download\/iphone\" rel=\"nofollow\"\u003eTwitter for iPhone\u003c\/a\u003e","in_reply_to_status_id":null,"in_reply_to_status_id_str":null,"in_reply_to_user_id":null,"in_reply_to_user_id_str":null,"in_reply_to_screen_name":null,"user":{"id":612508234,"id_str":"612508234","name":"\u0618","screen_name":"ARMY","location":"","description":"\u2661 \u22c6\u207a\u208a\u22c6 \u263e\u22c6\u207a\u208a\u22c6 \u2661\u0337\u0337\u0337 \u22c6\u207a\u208a\u22c6 \u263e\u22c6\u207a\u208a","url":null,"entities":{"description":{"urls":[]}},"protected":false,"followers_count":4308,"friends_count":3,"listed_count":9,"created_at":"Tue Jun 19 12:10:28 +0000 2012","favourites_count":2285,"utc_offset":null,"time_zone":null,"geo_enabled":false,"verified":false,"statuses_count":1482,"lang":null,"contributors_enabled":false,"is_translator":false,"is_translation_enabled":false,"profile_background_color":"7111DE","profile_background_image_url":"http:\/\/abs.twimg.com\/images\/themes\/theme1\/bg.png","profile_background_image_url_https":"https:\/\/abs.twimg.com\/images\/themes\/theme1\/bg.png","profile_background_tile":true,"profile_image_url":"http:\/\/pbs.twimg.com\/profile_images\/1288238202449469441\/bHeHhjrP_normal.jpg","profile_image_url_https":"https:\/\/pbs.twimg.com\/profile_images\/1288238202449469441\/bHeHhjrP_normal.jpg","profile_banner_url":"https:\/\/pbs.twimg.com\/profile_banners\/612508234\/1595974897","profile_link_color":"730EE6","profile_sidebar_border_color":"000000","profile_sidebar_fill_color":"DDEEF6","profile_text_color":"333333","profile_use_background_image":true,"has_extended_profile":false,"default_profile":false,"default_profile_image":false,"following":false,"follow_request_sent":false,"notifications":false,"translator_type":"none"},"geo":null,"coordinates":null,"place":null,"contributors":null,"retweeted_status":{"created_at":"Sat Aug 29 02:11:50 +0000 2020","id":1299530165463199747,"id_str":"1299530165463199747","text":"https:\/\/t.co\/aZ2JzDf5ai","truncated":false,"entities":{"hashtags":[],"symbols":[],"user_mentions":[],"urls":[],"media":[{"id":1299530160526499840,"id_str":"1299530160526499840","indices":[0,23],"media_url":"http:\/\/pbs.twimg.com\/media\/Egjby7kWoAA1PRI.jpg","media_url_https":"https:\/\/pbs.twimg.com\/media\/Egjby7kWoAA1PRI.jpg","url":"https:\/\/t.co\/aZ2JzDf5ai","display_url":"pic.twitter.com\/aZ2JzDf5ai","expanded_url":"https:\/\/twitter.com\/chadwickboseman\/status\/1299530165463199747\/photo\/1","type":"photo","sizes":{"small":{"w":490,"h":680,"resize":"fit"},"large":{"w":540,"h":750,"resize":"fit"},"thumb":{"w":150,"h":150,"resize":"crop"},"medium":{"w":540,"h":750,"resize":"fit"}}}]},"extended_entities":{"media":[{"id":1299530160526499840,"id_str":"1299530160526499840","indices":[0,23],"media_url":"http:\/\/pbs.twimg.com\/media\/Egjby7kWoAA1PRI.jpg","media_url_https":"https:\/\/pbs.twimg.com\/media\/Egjby7kWoAA1PRI.jpg","url":"https:\/\/t.co\/aZ2JzDf5ai","display_url":"pic.twitter.com\/aZ2JzDf5ai","expanded_url":"https:\/\/twitter.com\/chadwickboseman\/status\/1299530165463199747\/photo\/1","type":"photo","sizes":{"small":{"w":490,"h":680,"resize":"fit"},"large":{"w":540,"h":750,"resize":"fit"},"thumb":{"w":150,"h":150,"resize":"crop"},"medium":{"w":540,"h":750,"resize":"fit"}}},{"id":1299530160534958080,"id_str":"1299530160534958080","indices":[0,23],"media_url":"http:\/\/pbs.twimg.com\/media\/Egjby7mXsAAXX-f.jpg","media_url_https":"https:\/\/pbs.twimg.com\/media\/Egjby7mXsAAXX-f.jpg","url":"https:\/\/t.co\/aZ2JzDf5ai","display_url":"pic.twitter.com\/aZ2JzDf5ai","expanded_url":"https:\/\/twitter.com\/chadwickboseman\/status\/1299530165463199747\/photo\/1","type":"photo","sizes":{"thumb":{"w":150,"h":150,"resize":"crop"},"medium":{"w":900,"h":1200,"resize":"fit"},"large":{"w":1536,"h":2048,"resize":"fit"},"small":{"w":510,"h":680,"resize":"fit"}}}]},"source":"\u003ca href=\"http:\/\/twitter.com\/download\/iphone\" rel=\"nofollow\"\u003eTwitter for iPhone\u003c\/a\u003e","in_reply_to_status_id":null,"in_reply_to_status_id_str":null,"in_reply_to_user_id":null,"in_reply_to_user_id_str":null,"in_reply_to_screen_name":null,"user":{"id":718495181914316801,"id_str":"718495181914316801","name":"Chadwick Boseman","screen_name":"chadwickboseman","location":"","description":"Actor | Director | Writer | Producer at @XceptionContent | https:\/\/t.co\/3YRiCD6vSe","url":"https:\/\/t.co\/8SytsyBt2C","entities":{"url":{"urls":[{"url":"https:\/\/t.co\/8SytsyBt2C","expanded_url":"http:\/\/www.facebook.com\/chadwickboseman","display_url":"facebook.com\/chadwickboseman","indices":[0,23]}]},"description":{"urls":[{"url":"https:\/\/t.co\/3YRiCD6vSe","expanded_url":"http:\/\/Instagram.com\/chadwickboseman","display_url":"Instagram.com\/chadwickboseman","indices":[59,82]}]}},"protected":false,"followers_count":2160279,"friends_count":158,"listed_count":2270,"created_at":"Fri Apr 08 17:46:15 +0000 2016","favourites_count":1121,"utc_offset":null,"time_zone":null,"geo_enabled":true,"verified":true,"statuses_count":558,"lang":null,"contributors_enabled":false,"is_translator":false,"is_translation_enabled":false,"profile_background_color":"000000","profile_background_image_url":"http:\/\/abs.twimg.com\/images\/themes\/theme1\/bg.png","profile_background_image_url_https":"https:\/\/abs.twimg.com\/images\/themes\/theme1\/bg.png","profile_background_tile":false,"profile_image_url":"http:\/\/pbs.twimg.com\/profile_images\/755209143892348929\/UhWrKJ-T_normal.jpg","profile_image_url_https":"https:\/\/pbs.twimg.com\/profile_images\/755209143892348929\/UhWrKJ-T_normal.jpg","profile_banner_url":"https:\/\/pbs.twimg.com\/profile_banners\/718495181914316801\/1470879295","profile_link_color":"ABB8C2","profile_sidebar_border_color":"000000","profile_sidebar_fill_color":"000000","profile_text_color":"000000","profile_use_background_image":false,"has_extended_profile":false,"default_profile":false,"default_profile_image":false,"following":false,"follow_request_sent":false,"notifications":false,"translator_type":"none"},"geo":null,"coordinates":null,"place":null,"contributors":null,"is_quote_status":false,"retweet_count":2240858,"favorite_count":7716702,"favorited":false,"retweeted":false,"possibly_sensitive":false,"lang":"und"},"is_quote_status":false,"retweet_count":2240858,"favorite_count":0,"favorited":false,"retweeted":false,"possibly_sensitive":false,"lang":"und"},{"created_at":"Sun Aug 16 22:52:06 +0000 2020","id":1295131249237991425,"id_str":"1295131249237991425","text":"RT @BTS_twt: Hi Army\ud83d\ude0a https:\/\/t.co\/ZwsS0sbL2j","truncated":false,"entities":{"hashtags":[],"symbols":[],"user_mentions":[{"screen_name":"BTS_twt","name":"\ubc29\ud0c4\uc18c\ub144\ub2e8","id":335141638,"id_str":"335141638","indices":[3,11]}],"urls":[],"media":[{"id":1294895876033241088,"id_str":"1294895876033241088","indices":[22,45],"media_url":"http:\/\/pbs.twimg.com\/media\/Efhk8EgUYAA_lfk.jpg","media_url_https":"https:\/\/pbs.twimg.com\/media\/Efhk8EgUYAA_lfk.jpg","url":"https:\/\/t.co\/ZwsS0sbL2j","display_url":"pic.twitter.com\/ZwsS0sbL2j","expanded_url":"https:\/\/twitter.com\/BTS_twt\/status\/1294895899005480960\/photo\/1","type":"photo","sizes":{"small":{"w":510,"h":680,"resize":"fit"},"thumb":{"w":150,"h":150,"resize":"crop"},"large":{"w":1536,"h":2048,"resize":"fit"},"medium":{"w":900,"h":1200,"resize":"fit"}},"source_status_id":1294895899005480960,"source_status_id_str":"1294895899005480960","source_user_id":335141638,"source_user_id_str":"335141638"}]},"extended_entities":{"media":[{"id":1294895876033241088,"id_str":"1294895876033241088","indices":[22,45],"media_url":"http:\/\/pbs.twimg.com\/media\/Efhk8EgUYAA_lfk.jpg","media_url_https":"https:\/\/pbs.twimg.com\/media\/Efhk8EgUYAA_lfk.jpg","url":"https:\/\/t.co\/ZwsS0sbL2j","display_url":"pic.twitter.com\/ZwsS0sbL2j","expanded_url":"https:\/\/twitter.com\/BTS_twt\/status\/1294895899005480960\/photo\/1","type":"photo","sizes":{"small":{"w":510,"h":680,"resize":"fit"},"thumb":{"w":150,"h":150,"resize":"crop"},"large":{"w":1536,"h":2048,"resize":"fit"},"medium":{"w":900,"h":1200,"resize":"fit"}},"source_status_id":1294895899005480960,"source_status_id_str":"1294895899005480960","source_user_id":335141638,"source_user_id_str":"335141638"},{"id":1294895888750370817,"id_str":"1294895888750370817","indices":[22,45],"media_url":"http:\/\/pbs.twimg.com\/media\/Efhk8z4UYAEG3Vk.jpg","media_url_https":"https:\/\/pbs.twimg.com\/media\/Efhk8z4UYAEG3Vk.jpg","url":"https:\/\/t.co\/ZwsS0sbL2j","display_url":"pic.twitter.com\/ZwsS0sbL2j","expanded_url":"https:\/\/twitter.com\/BTS_twt\/status\/1294895899005480960\/photo\/1","type":"photo","sizes":{"thumb":{"w":150,"h":150,"resize":"crop"},"small":{"w":510,"h":680,"resize":"fit"},"large":{"w":1536,"h":2048,"resize":"fit"},"medium":{"w":900,"h":1200,"resize":"fit"}},"source_status_id":1294895899005480960,"source_status_id_str":"1294895899005480960","source_user_id":335141638,"source_user_id_str":"335141638"}]},"source":"\u003ca href=\"http:\/\/twitter.com\/download\/iphone\" rel=\"nofollow\"\u003eTwitter for iPhone\u003c\/a\u003e","in_reply_to_status_id":null,"in_reply_to_status_id_str":null,"in_reply_to_user_id":null,"in_reply_to_user_id_str":null,"in_reply_to_screen_name":null,"user":{"id":612508234,"id_str":"612508234","name":"\u0618","screen_name":"ARMY","location":"","description":"\u2661 \u22c6\u207a\u208a\u22c6 \u263e\u22c6\u207a\u208a\u22c6 \u2661\u0337\u0337\u0337 \u22c6\u207a\u208a\u22c6 \u263e\u22c6\u207a\u208a","url":null,"entities":{"description":{"urls":[]}},"protected":false,"followers_count":4308,"friends_count":3,"listed_count":9,"created_at":"Tue Jun 19 12:10:28 +0000 2012","favourites_count":2285,"utc_offset":null,"time_zone":null,"geo_enabled":false,"verified":false,"statuses_count":1482,"lang":null,"contributors_enabled":false,"is_translator":false,"is_translation_enabled":false,"profile_background_color":"7111DE","profile_background_image_url":"http:\/\/abs.twimg.com\/images\/themes\/theme1\/bg.png","profile_background_image_url_https":"https:\/\/abs.twimg.com\/images\/themes\/theme1\/bg.png","profile_background_tile":true,"profile_image_url":"http:\/\/pbs.twimg.com\/profile_images\/1288238202449469441\/bHeHhjrP_normal.jpg","profile_image_url_https":"https:\/\/pbs.twimg.com\/profile_images\/1288238202449469441\/bHeHhjrP_normal.jpg","profile_banner_url":"https:\/\/pbs.twimg.com\/profile_banners\/612508234\/1595974897","profile_link_color":"730EE6","profile_sidebar_border_color":"000000","profile_sidebar_fill_color":"DDEEF6","profile_text_color":"333333","profile_use_background_image":true,"has_extended_profile":false,"default_profile":false,"default_profile_image":false,"following":false,"follow_request_sent":false,"notifications":false,"translator_type":"none"},"geo":null,"coordinates":null,"place":null,"contributors":null,"retweeted_status":{"created_at":"Sun Aug 16 07:16:54 +0000 2020","id":1294895899005480960,"id_str":"1294895899005480960","text":"Hi Army\ud83d\ude0a https:\/\/t.co\/ZwsS0sbL2j","truncated":false,"entities":{"hashtags":[],"symbols":[],"user_mentions":[],"urls":[],"media":[{"id":1294895876033241088,"id_str":"1294895876033241088","indices":[9,32],"media_url":"http:\/\/pbs.twimg.com\/media\/Efhk8EgUYAA_lfk.jpg","media_url_https":"https:\/\/pbs.twimg.com\/media\/Efhk8EgUYAA_lfk.jpg","url":"https:\/\/t.co\/ZwsS0sbL2j","display_url":"pic.twitter.com\/ZwsS0sbL2j","expanded_url":"https:\/\/twitter.com\/BTS_twt\/status\/1294895899005480960\/photo\/1","type":"photo","sizes":{"small":{"w":510,"h":680,"resize":"fit"},"thumb":{"w":150,"h":150,"resize":"crop"},"large":{"w":1536,"h":2048,"resize":"fit"},"medium":{"w":900,"h":1200,"resize":"fit"}}}]},"extended_entities":{"media":[{"id":1294895876033241088,"id_str":"1294895876033241088","indices":[9,32],"media_url":"http:\/\/pbs.twimg.com\/media\/Efhk8EgUYAA_lfk.jpg","media_url_https":"https:\/\/pbs.twimg.com\/media\/Efhk8EgUYAA_lfk.jpg","url":"https:\/\/t.co\/ZwsS0sbL2j","display_url":"pic.twitter.com\/ZwsS0sbL2j","expanded_url":"https:\/\/twitter.com\/BTS_twt\/status\/1294895899005480960\/photo\/1","type":"photo","sizes":{"small":{"w":510,"h":680,"resize":"fit"},"thumb":{"w":150,"h":150,"resize":"crop"},"large":{"w":1536,"h":2048,"resize":"fit"},"medium":{"w":900,"h":1200,"resize":"fit"}}},{"id":1294895888750370817,"id_str":"1294895888750370817","indices":[9,32],"media_url":"http:\/\/pbs.twimg.com\/media\/Efhk8z4UYAEG3Vk.jpg","media_url_https":"https:\/\/pbs.twimg.com\/media\/Efhk8z4UYAEG3Vk.jpg","url":"https:\/\/t.co\/ZwsS0sbL2j","display_url":"pic.twitter.com\/ZwsS0sbL2j","expanded_url":"https:\/\/twitter.com\/BTS_twt\/status\/1294895899005480960\/photo\/1","type":"photo","sizes":{"thumb":{"w":150,"h":150,"resize":"crop"},"small":{"w":510,"h":680,"resize":"fit"},"large":{"w":1536,"h":2048,"resize":"fit"},"medium":{"w":900,"h":1200,"resize":"fit"}}}]},"source":"\u003ca href=\"http:\/\/twitter.com\/download\/android\" rel=\"nofollow\"\u003eTwitter for Android\u003c\/a\u003e","in_reply_to_status_id":null,"in_reply_to_status_id_str":null,"in_reply_to_user_id":null,"in_reply_to_user_id_str":null,"in_reply_to_screen_name":null,"user":{"id":335141638,"id_str":"335141638","name":"\ubc29\ud0c4\uc18c\ub144\ub2e8","screen_name":"BTS_twt","location":"","description":"Hi! We are BTS!!","url":"https:\/\/t.co\/BP579N8Xkk","entities":{"url":{"urls":[{"url":"https:\/\/t.co\/BP579N8Xkk","expanded_url":"http:\/\/btsblog.ibighit.com","display_url":"btsblog.ibighit.com","indices":[0,23]}]},"description":{"urls":[]}},"protected":false,"followers_count":28973331,"friends_count":141,"listed_count":71136,"created_at":"Thu Jul 14 06:32:56 +0000 2011","favourites_count":202,"utc_offset":null,"time_zone":null,"geo_enabled":true,"verified":true,"statuses_count":12372,"lang":null,"contributors_enabled":false,"is_translator":false,"is_translation_enabled":false,"profile_background_color":"FFFFFF","profile_background_image_url":"http:\/\/abs.twimg.com\/images\/themes\/theme14\/bg.gif","profile_background_image_url_https":"https:\/\/abs.twimg.com\/images\/themes\/theme14\/bg.gif","profile_background_tile":false,"profile_image_url":"http:\/\/pbs.twimg.com\/profile_images\/1294650535702753282\/n0jc9pBg_normal.jpg","profile_image_url_https":"https:\/\/pbs.twimg.com\/profile_images\/1294650535702753282\/n0jc9pBg_normal.jpg","profile_banner_url":"https:\/\/pbs.twimg.com\/profile_banners\/335141638\/1597503717","profile_link_color":"FF0000","profile_sidebar_border_color":"FFFFFF","profile_sidebar_fill_color":"EFEFEF","profile_text_color":"333333","profile_use_background_image":true,"has_extended_profile":false,"default_profile":false,"default_profile_image":false,"following":false,"follow_request_sent":false,"notifications":false,"translator_type":"regular"},"geo":null,"coordinates":null,"place":null,"contributors":null,"is_quote_status":false,"retweet_count":996722,"favorite_count":3168701,"favorited":false,"retweeted":false,"possibly_sensitive":false,"lang":"en"},"is_quote_status":false,"retweet_count":996722,"favorite_count":0,"favorited":false,"retweeted":false,"possibly_sensitive":false,"lang":"en"}]